abhishekmappsdba@gmail.com
 Rakesh Chaganti <chaganti.rakesh@gmail.com>
 dba.vishnu@yahoo.com
 dshiramshetty@gmail.com
 ksinbox1@gmail.com
 naresh.dba12@gmail.com
 nivas.rdy@gmail.com
 rakeshtdsharma@yahoo.com
 sivasandeep29@gmail.com
 sreedharvalluru@aol.com
 veeru.bosem@gmail.com
 Venkat Reddy Mothe <venkat216.dba@gmail.com>
 vijaykrishna.dba@gmail.com
 abhilash dadi <abhilash.dadi@gmail.com>
 Aluri Sarath <sarath.aluri@gmail.com>
 Anil Kumar Madireddy <madireddykumar@gmail.com>
 bharath ganja <gbharath304@gmail.com>
 chandrakanth reddy Pisati <chandukreddi@gmail.com>
 Dheeraj Pothuri <dheeraj.pothuri@gmail.com>
 dommety ashwin <dommetyashwin@gmail.com>
 Haranath <yvhari@gmail.com>
 harsha kanuri <harshakanuri@gmail.com>
 Kalyan Marrey <marrey.kalyan4@gmail.com>
 kamalnath Pamulapati <kamalnath.dba@gmail.com>
 karthik patcha <karthikp.dba@gmail.com>
 Kondal Rao <yalakonda.dba@gmail.com>
 Madhav Varma <madhavvar@gmail.com>
 Manohar Reddy <manoharreddy.dba@gmail.com>
 Nadeem Syed <smn6174@gmail.com>
 Nagarjuna Babu <nagarjuna.oracledba@gmail.com>
 Perraju Vegiraju <perraju@gmail.com>
 prasad Banala <prasad.banala84@gmail.com>
 Praveen Gajjela <veersna@gmail.com>
 Purushothaman J <purushoth_jp@yahoo.com>
 Rahul Poladi <rahulpoladi3452@gmail.com>
 Rakesh Chaganti <chaganti.rakesh@gmail.com>
 Rambharathreddy Mallavarapu <rambharath.mallavarapu@gmail.com>
 ramprasad appsdba <appsdba.ramprasad@gmail.com>
 Ran Jith <ranjith.anchuri@gmail.com>
 rana appsdba <rana.appsdba@gmail.com>
 Raviteja Chilakamarthi <ravi.chilakamarthi@gmail.com>
 Riyaz Mohamed <riyazshariff@gmail.com>
 Rizwan Syed <rizzuhoney@gmail.com>
 Rk K <krk124@gmail.com>
 Satish Aduri <satish.aduri@gmail.com>
 Satya Budhani <bsatya.krishna@gmail.com>
 Shanthi Kuruba <shanthipriya.dba@gmail.com>
 shiva nand <shivanand218@gmail.com>
 Shreyas Pandey <shreyaspandey@hotmail.com>
 Shyam Uppalapati <shyam.uppalapati@gmail.com>
 siva k <adityakamana@gmail.com>
 Sivaram boyapally <sivaramk249@gmail.com>
 Sravanthi Oracle DBA <sravanthi.odba@gmail.com>
 "srudhraraju@gmail.com" <srudhraraju@gmail.com>
 Sujith Kumar Mahanthi <sujithk.dba@gmail.com>
 thumma arun <thumma.arunreddy@gmail.com>
 vasu gunja <vgunja27@gmail.com>
 vineeth kuricheti <kuricheti.vineeth@gmail.com>
 vivek vijayan <vivek.04540@gmail.com>
 yuvanandan reddy <yuvanandanreddy@gmail.com>
